Tweet ID,Tweet Text,Label
544520042810200064,"#sydneysiege is over . 2 confirmed dead , #prayforsydney #prayforsydneyhostages #sydney #hostages <end>",rumor
674364257799004160,adolf hitler vs donald trump URL <end>,rumor
767754921403899906,"of the 54 killed by young suicide bomber at wedding in turkey , 22 were under the age of 14 . URL URL <end>",non-rumor
692023855926374400,"shooting reported at naval medical center san diego , according to the center's facebook page . URL <end>",non-rumor
774833492865593344,"nurses save lives of all different races and colors , but @hillaryclinton thinks we belong in a #basketofdeplorables . URL <end>",rumor
692826642583019521,email : michigan officials gave bottled water to state employees a year before flint residents got it URL <end>,non-rumor
693826104633737217,"watch bernie sanders sing "" this land is your land "" with vampire weekend at iowa students rally URL <end>",non-rumor
763524712853102596,hillary clinton strategist bob beckel called for wikileaks editor julian assange to be assassinated . #dncleaks URL <end>,rumor
615494435074363392,"if they can light up the white house like a rainbow for gay pride , it sure as hell better be red , white & blue for independence day . merica . <end>",rumor
692884886374318081,it's gregg popovich's 67th birthday and there's one thing we know he's not doing tonight . URL <end>,non-rumor
544374511194632192,update : total of 5 people have been able to get out of sydney cafe during hostage situation : URL URL <end>,rumor
672169954016403456,"pres . obama on #sanbernardino : "" we have a pattern now of mass shootings in this country that has no parallel . "" URL <end>",rumor
723915846985342976,niagara falls turned purple on the day prince died : URL URL <end>,rumor
622891631293935616,#wakeupamerica üá∫ üá∏ who needs a #gun registry when #obama has all your personal information URL URL <end>,rumor
691995324752252930," the dave i know is polite , modest , and content . jumbotron dave is crass and loud .  URL URL <end>",non-rumor
693546915892428800,jeb bush campaign kicks off 3 - state farewell tour with iowa town hall meeting URL URL <end>,non-rumor
759460236042305536,"1991 , book written saying trump says "" laziness is a trait in all blacks "" URL URL <end>",rumor
693041285087756288,saliha is one of the first women ever to stand for election in saudi arabia : watch her story URL URL <end>,non-rumor
692796451987034113,renting vs . owning a home : a side-by-side comparison URL URL <end>,non-rumor
711994705333112832,keith richards ' once pulled a knife on donald trump ' says rolling stones ' ex-event promoter URL URL <end>,rumor
544358564484378624,police : negotiators are now in contact with armed hostage-taker in sydney situation ; motive remains unknown - URL <end>,rumor
675005503160901632,"after mass shootings , obama seeks to expand background checks for gun sales by executive order to bypass congress URL <end>",rumor
650046859537448960,an openly gay man said that he and his partner met with pope francis a day before kim davis did URL <end>,rumor
613016993692798977,police chief says dylann roof was taken to burger king shortly after arrest URL <end>,rumor
623533663947517952,gay marriage ruling ? white house in rainbow colors within hours . 4 murdered marines & a murdered sailor ? 5 days to lower the flag . nice . <end>,rumor
657007736467525632,"steve jobs was adopted . his biological father was abdulfattah jandali , a syrian muslim . <end>",rumor
693691456222052352,"red alert ! drake just dropped a new single called , "" summer sixteen "" from his new album . URL URL <end>",non-rumor
525025463648137216,breaking : a source confirms to cp24 that the deceased soldier in ottawa is cpl . nathan cirillo . cirillo was a member of the hamilton argylls <end>,rumor
612741808125120513,this dad loved his family so much he got eye enlargement surgery so he could look at them more URL URL <end>,rumor
544271284796784640,"developing : gunman takes hostages in sydney cafe , ' isis ' flags being held against window - URL URL <end>",rumor
723477822950395904,purple pain : landmarks across globe light up in fitting prince tributes #ripprince URL URL <end>,rumor
715253497462145024,"just in : donald trump to @msnbc : "" there has to be some form of punishment "" for women who have an abortion . <end>",rumor
714577521992343552,a trump campaign strategist just quit and wrote this amazing open letter about why : URL <end>,rumor
544367462012432384,"more : police confirm 3 hostages escape sydney cafe , unknown number remain inside URL #sydneysiege <end>",rumor
748558349139058688,obama cuts military pay 4third year in a row #isis 2nd terrorist attack in a week #wakeupamerica r u ok w this ? #2a URL <end>,rumor
672424512516964352,". @johnrlottjr : "" the number of ppl killed by mass shootings during obama ‚Äô s tenure is 424 casualties ‚Ä¶ paris this year alone has 508 casualties . "" <end>",rumor
655986243042459648,"steve jobs was adopted . his biological father was abdulfattah jandali , a syrian muslim . <end>",rumor
524969201102901248,mps credit sergeant-at-arms for saving lives in parliament hill shootings URL URL <end>,rumor
693939356390653952,"michael oher got a text from cam newton during the offseason . now , they prepare for #sb50 : URL URL <end>",non-rumor
692911086920667136,"in asu's curtain of distraction , michael phelps brought out his gold medals and speedo to do the trick . it worked . URL <end>",non-rumor
730516765525082112,a canadian teen didn't find a lost mayan city : URL URL <end>,rumor
715671763808493569,‚òÜ ‚òÜ craigslist ad allegedly posted by bernie supporters offered $ 15 to protest at trump's rally in wisconsin . trump already creating jobs ! <end>,rumor
623599854661541888,obama ; - hours to light up white house in rainbow colors for gay marriage . - 5 days to lower flag for dead marines . URL <end>,rumor
726442550266044416,"because target believes men can pee with girls , their stock has taken a huge hit . good . keep boycotting target . URL <end>",rumor
693857551620968448,keeping vanessa hudgens in our thoughts . her dad greg died last night from cancer : URL URL <end>,non-rumor
544512108885725184,paramedics are currently carrying out a number of hostages in #martinpl . #sydneysiege #9news <end>,rumor
553587013409325058,#breaking charlie hebdo gunmen's hostage freed and safe after police assault <end>,rumor
638050997340893184,"in celebrity death hoax news , james earl jones is not dead . URL URL <end>",rumor
692874200927698945,report : las vegas sands to propose $ 1 billion domed stadium to possibly draw nfl franchise - fox 5 las vegas URL <end>,non-rumor
626546123713474560,this is how people in china are riding escalators after a horrific accident URL URL <end>,rumor
691719802499432448,and jake makes that one more for team kal-el ... let us know which side you're on with ' #empirebvs ' . URL <end>,non-rumor
693466724822323200,audio recordings reveal cpr started 11 minutes after staff found gynnya mcmillen URL URL <end>,non-rumor
749039299677417472,"after the orlando shooting this is how they protest , and the shooter was a registered democrat ... URL <end>",rumor
707420972173955072,obama skipping nancy reagan's funeral to attend sxsw URL URL <end>,rumor
724044187113512960,niagara falls turned purple on the day prince died : URL URL <end>,rumor
724603564946010112,twenty-five stories proving target ‚Äô s pro-trans bathroom policy is dangerous URL <end>,rumor
715264793737879553,donald trump supports abortion ban and ' punishment ' for women URL <end>,rumor
663385747177775105,"steve jobs was adopted . his biological father was abdulfattah jandali , a syrian muslim . <end>",rumor
728101712762834944,caitlyn jenner about to post nude for cover of sports illustrated ... üò≥ <end>,rumor
767861179951648768,. @realdonaldtrump slams @hillaryclinton : ‚Äú the job of an elected official is to serve the citizens of the u . s . ‚Äù URL <end>,non-rumor
642145732435292160,poll : @hillaryclinton ' s lead over @berniesanders shrinks as her edge over gop vanishes URL URL <end>,rumor
663925546812837888,"solo cups have been red for decades . if starbucks was taking a shot at christmas , solo shot first . <end>",rumor
544352727971954690,"local media : 3 people appear to escape from martin place , sydney , caf√© , amid hostage situation - @abcnews URL <end>",rumor
651959206287908868,"donald trump's capture , dead or alive , is reportedly worth $ 100 million to el chapo . URL URL <end>",rumor
552802654641225728,charlie hebdo shooting latest : 12 dead and gunmen still at large URL URL <end>,rumor
640182854928961536,plastic bag use in wales has dropped by 71 per cent since the 5p charge was introduced URL URL <end>,rumor
652349108653551616,surprising number of vegetarians secretly eat meat URL URL <end>,rumor
693858804279201794,"poor women in india are fighting for the right to have a job . "" when you start working , your heart opens up . "" URL <end>",non-rumor
544289409294553088,full statement from pm abbott on #sydneysiege #martinplace #lindt . URL <end>,rumor
765359928361922560, people do not smile during a seizure while standing upright and then immediately launch into a coherent sentence .  URL <end>,non-rumor
743058135300988932,"so now we know , orlando shooter was a gay , muslim , registered democrat . no wonder liberals are trying to blame the gun . #orlandoshooting <end>",rumor
758825535480864769,hillary clinton is lying . clinton is not first woman nominated for president . it was victoria woodhull in 1872 . to ‚Ä¶ URL <end>,rumor
723365789378584578,"landmarks around world turn purple , in honor of #prince . #princerip #purplerain URL <end>",rumor
616765822095261700,a crow tries to fight an eagle ‚Äî gets a free ride instead : URL <end>,rumor
778689027918618625,"black men may have cause to run from police , massachusetts high court says URL <end>",rumor
525056576038518785,soldier killed in canada shooting was a young reservist with a six-year-old son URL URL <end>,rumor
525028734991343617,ctv news confirms that canadian authorities have provided us authorities with the name michael zehaf-bibeau in connection to ottawa shooting <end>,rumor
760928376668454912,"before hillary clinton , there was victoria woodhull , a pro-life feminist who ran and was nominated for president . URL <end>",rumor
656848877463560192,i ‚Äô m celebrating #backtothefuture day by bemoaning the lack of hoverboards while ignoring the fact that my phone contains all human knowledge <end>,non-rumor
656880145769197568,10 ' back to the future ' predictions that came true URL URL <end>,rumor
553508098825261056,police have surrounded this building where the suspected #charliehebdo attackers are holed-up URL URL <end>,rumor
623818627054206977,nasa confirms earth will experience 15 days of complete darkness in november 2015 URL <end>,rumor
765735409984806912,"trump : dems "" failed and betrayed the africanamerican community ‚Äù trump : ‚Äú laziness is a trait in blacks , it really is "" URL <end>",rumor
778949749156245504, a black man who runs from police merely might be trying to avoid the recurring indignity of being profiled  URL <end>,rumor
544391533240516608,five hostages have escaped the besieged lindt cafe in #sydney | our latest update : URL URL <end>,rumor
544511199702822913,police move in : police confirm live ammunition used in martin place #sydneysiege <end>,rumor
675043569367982081,‚Äò el chapo ‚Äô threatens #isis : ‚Äò my men will destroy you ‚Äô - URL URL <end>,rumor
732981604826677249,target says boycott over transgender bathroom policy isn't hurting sales URL <end>,rumor
656834590779289600,10 ' back to the future ' predictions that came true URL URL <end>,rumor
662430295254175744,#opkkk releases 500 + names and reveals unexpected #plottwist URL URL <end>,rumor
650975967146602496,uk ‚Ä¢ you're right to be nervous about the 5p plastic bag charge . when they implemented this in california the streets ran red with blood . <end>,rumor
650128194209730561,an openly gay man said that he and his partner met with pope francis a day before kim davis did URL <end>,rumor
724624672604610562,people are over here boycotting @target over their new transgender bathroom policy and i'm just like URL <end>,rumor
672632899921833984,why have there been more mass shootings under obama than the 4 previous presidents combined ? URL URL <end>,rumor
693528374996652032,". @realbencarson : "" what good does it do a man to gain the whole world & to lose his soul ? "" URL <end>",non-rumor
765859710503378944,"top north korean diplomat who disappeared from london embassy has defected to south korea , seoul confirms URL <end>",non-rumor
755548076438196225,"colombus , ohio police officer served sandwich with shards of glass . URL <end>",rumor
686657138270277634,photos of the day URL URL <end>,non-rumor
644229386149888001,"greek customs captured containers of weapons and ammunition going to refugee camps in europe as "" plastic furniture "" URL <end>",rumor
716092408920936448,international criminal george soros & his boi @davidbrockdc are sooo busted #fauxprotests #ringers @realdonaldtrump URL <end>,rumor
745236050407194624,the big one : ' large scale motion ' detected along san andreas fault URL URL <end>,rumor
524925050739490816,breaking news : soldier shot at national war memorial in ottawa URL <end>,rumor
544301453717041152,breaking update : gunman says four devices are located around sydney . security response underway . police calling for calm . 9news <end>,rumor
763896522790440960,layton police officer hospitalized after subway worker serves him meth and thc in his drink ( video ) URL <end>,rumor
614615157730357248,"watch live : as sun goes down , white house lights up rainbow colors to celebrate scotus ruling URL URL <end>",rumor
674229534888185856,who said it : donald trump or adolf hitler ? URL URL <end>,rumor
661251968078221312,anonymous #opkkk the hoods come off begins with united states senators & mayors URL #hoodsoff URL <end>,rumor
552805488631758849,"at least 12 killed in today's attack on satirical magazine #charliehebdo in paris , official says . URL <end>",rumor
763430916236640256,hillary surroagte bob beckel calls for assassination of julian assange URL <end>,rumor
544504183341064192,"escaped #sydneysiege hostage , elly chen , a top student and skilled sportswoman URL URL <end>",rumor
692082861525078017,tony the tiger has no more cummies left to give URL URL <end>,non-rumor
628681462976528384,"whole foods called out for selling $ 6 "" asparagus water , "" water with stalks of asparagus in it URL URL <end>",rumor
766541461189832704,"a boy dies after being bitten by a dog in essex , with a woman arrested for allowing a dog to be out of control URL <end>",non-rumor
676955015265837056,"jeb bush : "" donald , you're not going to be able to insult your way to the presidency . "" cheer from the audience #nprdebate <end>",non-rumor
666633171325353989,"the myth of zouheir , a "" hero muslim security guard "" in paris URL ( via @bbctrending ) URL <end>",rumor
780436430732525569,"well , this is a new one : chelsea clinton implies that marijuana can kill you . 2016 , y ‚Äô all . URL #mmot #p2 #tcot #tlot <end>",rumor
687748306571804672,harry potter fans are posting incredibly moving tributes to severus snape and alan rickman : URL URL <end>,non-rumor
544517264054423552,#breaking : police have confirmed that the #sydneysiege is over . #9news <end>,rumor
524932935137628160,the gunman in ottawa has been shot and killed . i'm at a loss for words this morning . that isn't my canada . <end>,rumor
692078399012130816,woman a leading authority on what shouldn ‚Äô t be in poor people ‚Äô s grocery carts URL URL <end>,non-rumor
553512735192141826,update - afp : an unnamed police source says the killing of the policewoman in #paris on thursday is linked to the #charliehebdo attack <end>,rumor
651018580989972480,pope francis expected to fire the archbishop who tricked him into meeting kim davis URL <end>,rumor
742012307694223361,#orlando oh look the muslim shooter was also a democrat ! URL <end>,rumor
662381914842603520,"rt @operation_kkk : official #opkkk #hoodsoff 2015 data release URL with love , anonymous . URL <end>",rumor
614594195479752704,white house lit in rainbow colors after today's historic supreme court ruling #scotusmarriage URL <end>,rumor
674244561519161344," you're increasingly compared to hitler . does that bother you ?  trump : "" no . "" URL <end>",rumor
672433211604013057,reagan ( 11 mass shootings ) bush sr ( 12 mass shootings ) clinton ( 23 mass shootings ) bush jr ( 16 mass shootings ) obama ( 162 mass shootings ) <end>,rumor
553586860334010368,#charliehebdo killers shot dead by police <end>,rumor
778572032531427332,massachusetts court finds that it ‚Äô s ‚Äò reasonable ‚Äô for black men to run from police to avoid racial profiling ‚Ä¶ URL <end>,rumor
626770498328895488,translucent butterfly - beautiful ! ' URL <end>,rumor
525025279803424768,the soldier shot dead in wednesday's ottawa attacks has been named as cpl . nathan cirillo of #hamont #ottawashooting URL <end>,rumor
714555825122107392,an open letter to trump voters from his top strategist-turned-defector URL @juddapatow @andylassner @bettemidler <end>,rumor
660466342038867969,calling #anonymous collective to fire at all #kkk & affiliated sources on nov 16 . URL #opkkk #hoodsoff retweet / share <end>,rumor
632377165477191680,trayvon martin at space camp in florida . #blacklivesmatter URL <end>,rumor
724320681517670400,"340,000 pledge to boycott target over transgender bathroom policy URL URL <end>",rumor
544513524438155264,"sydney siege : police enter cafe as hostages flee the scene , gunfire heard , reports of an injured person ‚Äì live URL <end>",rumor
656955120626880512,correct predictions in back to the future ii URL <end>,rumor
654336219447472128,"beat the 5p bag charge by #winning 1 of 5 cute lambrini shopping bags - rt & follow to enter ! 18 + , t & cs apply URL <end>",rumor
722885778448121857,"a new transgender bathroom policy at @target is real , and it's fabulous : URL URL <end>",rumor
778681502825451520,black men have legitimate reason to run from police ‚Äì #massachusetts supreme court URL URL <end>,rumor
656523458139045889,is your drug dealer charging you more because of the 5p bag charge ? let us know ! ring 101 now URL <end>,rumor
716416753409081344,"hearing that bernie sanders flipped clark county in nevada at state convention , may have won the entire state #feelthebern <end>",rumor
766715993385267201,russian olympic officials concerned after learning team ‚Äô s clean urine reservoir almost empty URL URL <end>,non-rumor
663817239896821760,for everyone who thinks starbucks red cups are ruining christmas URL URL <end>,rumor
693869818366287872,"vanessa hudgens ' father , gregory hudgens , dies the night before "" grease : live "" URL URL <end>",non-rumor
767814876433571840,"rudy giuliani rips @hillaryclinton for dragging colin powell into email scandal : "" she lies every day . "" URL <end>",non-rumor
751536167183613952,#urgent so-called ' purge ' planned tonight in baton rouge 1200am - 0500am . #bluelivesmatter - heres the flash > > URL <end>,rumor
524925987239120897,soldier shot at national war memorial in ottawa URL #cdnpoli #hw <end>,rumor
751856580874960897,"should say "" labor unions aligned with @hillaryclinton "" stopped dems from saying no tpp-they don't speak for nurses URL <end>",rumor
552834961762709505,paris manhunt : 3 #charliehebdo attackers with ak - 47 rifles & reportedly rocket-propelled grenade still at large URL <end>,rumor
656870311057575936,the 5 most accurate predictions from the decade-jumping adventures in #backtothefuture : URL URL <end>,rumor
636925368927064064,actor james earl jones is not dead : URL URL <end>,rumor
655432919595548672,thousands of people in china claim they have seen a ' floating city ' in the sky URL <end>,rumor
642432477185867776,the stickers on fruit are edible . <end>,rumor
524922729485848576,only photo i will tweet . cpr being performed on the soldier now . i heard four shots . #ottawa URL <end>,rumor
614608936491188225,white house lit in rainbow colors after gay marriage ruling URL URL <end>,rumor
674187250792558592,donald trump v adolf hitler URL <end>,rumor
674314254732931072,". @presssec : @realdonaldtrump comment "" disqualifies "" him from presidency URL via @talkopan URL <end>",rumor
764906140257837056, my dad is in the air force and that inspired me to have my back up job be president  ‚Äî lily : URL URL <end>,non-rumor
622858454949040128,in heaven chick-fil-a is open on sundays . <end>,rumor
676870737932742656,plumber suing car dealership for $ 1m after truck he traded in ends up in hands of isis : URL URL <end>,rumor
762793077509464064," if you could compete in any olympic event , what would you choose ?  ‚Äî @potus asks @flotus : URL URL <end>",non-rumor
692748411481780224,"man held at disneyland paris carrying "" low-calibre "" guns & copy of koran - police sources URL URL <end>",non-rumor
692702295281262593,the @who predicts 3 to 4 million cases of #zikavirus that is spreading through americas URL <end>,non-rumor
764931593303646208,"fox news host claims hillary clinton had seizure on camera , has ' secret ' health issues URL URL <end>",rumor
681824512120324096,"when she heard about south korean "" comfort women , "" @yunghi photographed some survivors URL URL <end>",non-rumor
658259426172891136,4 legged chickens : fda confiscates several thousand chickens from kfc farms as mutations worsen URL <end>,rumor
693534670428971008,"up to 100 masked men , dressed in black , involved in "" migrant attack "" in stockholm URL URL <end>",non-rumor
742050150307246080,shooter in orlando was : a . muslim b . registered democrat voter c . isis d . homophobic e . ready for hillary URL <end>,rumor
544512664769396736,"breaking : police enter #lindt cafe , hostages flee URL #sydneysiege URL <end>",rumor
613425834301485056,police bought #dylannroof food from @burgerking after he was arrested for church shooting : URL URL <end>,rumor
690580180805509121,justin trudeau : i will raise my sons as feminists URL URL <end>,non-rumor
651786568592658433,one third of vegetarians eat meat when they get drunk | URL URL <end>,rumor
778299287293816832,will ny ag investigate clinton campaign credit card fraud re elderly donors ? URL URL <end>,rumor
656825206045020160,"#backtothefuture fans , it's october 21 , 2015 ‚Äî the future is finally here ! URL URL <end>",rumor
616311563071434753,apologies if you've already seen a crow riding a bald eagle today . image : phoo chan story : URL URL <end>,rumor
693071538896162816,orphanage saved by bikini car wash URL URL <end>,non-rumor
692803280238419971,usgs : sonic boom confirmed in new jersey area after reports of shaking ; cause not immediately known URL <end>,non-rumor
604642913188872192,florida man sips bud light as he walks down street in only shirt and shoes ; says he lost pants and underwear at beach URL <end>,rumor
693059995013742592,mook spooked : hillary manager predicts trump will win presidency if nominated ! <end>,non-rumor
673581371458199552,men from #pakistan security forces told reporters to stop probing #tashfeenmalik background or face arrest URL <end>,rumor
693128224960856064,iranian surveillance drone flies over u . s . aircraft carrier in persian gulf URL URL <end>,non-rumor
544305540286148609,a man believed to be the gunman filmed wearing a black headband inside the cafe URL URL <end>,rumor
692833140428017664, let's not make the next two weeks about a ' black qb . ' let's just talk about the greatness of this guy .  - c . barkley URL <end>,non-rumor
703234354579898368,"kenny is considered the first tiger with down syndrome . at the age of nine , kenny died in 2008 of cancer . URL <end>",rumor
672219174463275008,"pres . obama on #sanbernardino : "" we have a pattern now of mass shootings in this country . "" URL URL <end>",rumor
701539698452393986,"the 2016 race : no , the polling doesn ‚Äô t prove bernie sanders won the hispanic vote in nevada URL <end>",rumor
701175292937707520," sanders won 54 % of the latino vote , according to the sample data , compared to clinton ‚Äô s 43 % .  #nvcaucus URL <end>",rumor
619242759359037440,"obama 2008 : "" i support traditional marriage , christians vote for me "" obama 2015 : "" the white house is a rainbow . bring me my unicorn "" merica . <end>",rumor
674301960787505153,donald trump has been disqualified for running for president URL <end>,rumor
669201837187334144,"steve jobs was adopted . his biological father was abdulfattah jandali , a syrian muslim . <end>",rumor
544329935943237632,uber sydney trips from cbd will be free for riders . higher rates are still in place to encourage drivers to get into the cbd . <end>,rumor
693641113693884416,"ooh , baby ! icymi : dickie v loved this reverse dunk by freshman phenom ben simmons . URL <end>",non-rumor
706933939953344514,bernie sanders speaking about institutional racism üëè üèΩ üôå üèΩ URL <end>,rumor
616481759329427456,"just a crow riding an eagle , nbd . URL URL <end>",rumor
767698691205410816,#donaldtrump's son spoke about his father's decision to visit flood-damaged louisiana while pres . obama played golf . URL <end>,non-rumor
692758050378256388,elvis presley made his tv debut 60 years ago today . look back at his history on the tube URL URL <end>,non-rumor
693013768738115584,uk heterosexual couple who want to enter civil partnership rather than marry lose challenge at london's high court URL <end>,non-rumor
667073349974102017,anne frank was a refugee denied entrance to the united states URL #syrianrefugees URL <end>,rumor
714567472712589312,how many more trump supporters will defect ? an open letter to trump voters from his top strategist-turned-defector URL <end>,rumor
620971220301787136,while @cnn is talking about #irandeal nasa confirms earth will experience 15 days of darkness in november 2015 URL <end>,rumor
652992524504600576,"steve jobs was adopted . his biological father was abdulfattah jandali , a syrian muslim . <end>",rumor
748640007934590976,what's the no . 1 killer of americans ? these rankings have changed little over the years URL URL <end>,rumor
552791196247269378,"breaking : at least 10 killed in shooting at french satirical newspaper charlie hebdo , paris prosecutor's office says . URL <end>",rumor
661229627734667264,mayors flatly deny klan membership after #anonymous releases names online URL #opkkk #hoodsoff URL <end>,rumor
614628136634949632,the @whitehouse is lit up in a rainbow #lovewins URL <end>,rumor
728273551883534336,caitlyn jenner will pose nude on the sports illustrated cover . her balls will be censored by a sad michael jordan face . <end>,rumor
707786906189303808,meet kenny the tiger . he was born with down syndrome . he's proof you don't have to be perfect to be beautiful ‚ù§ Ô∏è URL <end>,rumor
648310692794109952,"steve jobs was adopted . his biological father was abdulfattah jandali , a syrian muslim . <end>",rumor
614595106906226688,the white house bathed in rainbow #scotusgaymarriage URL <end>,rumor
544381485591982083,reports on @channeltennews #sydneysiege gunman wants #isil flag delivered to cafe and he also wants to speak to pm or people will be killed . <end>,rumor
651044059222556674,"the best thing about the 5p plastic bag charge is that the cupboard next to my sink is now worth ¬£ 672,348 . <end>",rumor
604354747357859842,florida couple arrested for selling fake real estate on the moon #wtf15 üëâ üèø üëâ URL URL <end>,rumor
544278985249550337,geoblock lifted on #abcnews24 . streaming coverage of the martin place siege in sydney here URL <end>,rumor
544382892378714113,five hostages escape sydney cafe siege ‚Äî live updates from @buzzfeedoz URL URL <end>,rumor
714755546285477888,donald spunktrumpet's former communications director stephanie cegielski has resigned and written this - URL <end>,rumor
767561970182598657,nothing to see here . just nuggets forward wilson chandler catching a 350 - pound fish : URL URL <end>,non-rumor
676491949524713473,war has come again in the #the100 season 3 trailer URL @cwthe100 @miselizajane @wildpipm URL <end>,non-rumor
715268937873760256,"donald trump goes full anti-woman : "" punishment "" for women who abort URL URL <end>",rumor
612438528803213312,"after police arrested #dylannroof , they went and bought him burger king because he was hungry . #charlestonshooting URL <end>",rumor
544514564407427072,"police seem relaxed , suggesting all hostages are out and gunman no longer a threat URL #sydneysiege <end>",rumor
614604580601597953,"watch live : as sun goes down , white house lights up rainbow colors to celebrate scotus ruling URL URL <end>",rumor
614604054552018944,the @whitehouse is rainbow-colored tonight in celebration of scotus same-sex marriage ruling . URL URL <end>,rumor
525023025792835585,#ripnathancirillo rt @globeandmail : soldier killed at war memorial identified as cpl . nathan cirillo #ottawashooting URL <end>,rumor
673696115305406466,72 dhs employees on terrorist watch list URL <end>,rumor
615592870540488704,"if they can light up the white house like a rainbow , it sure as hell better be red , white & blue for independence day . <end>",rumor
641050980985999360,"happy "" $ 15 minimum wage "" labor day from mcdonalds URL <end>",rumor
692820029159653377,"beck on david bowie : "" he ‚Äô s always been a guidepost for me "" URL URL <end>",non-rumor
656811196218286080,10 ' back to the future ' predictions that came true URL URL <end>,rumor
612646796355960832,"after arrest , dylann roof was hungry . police bought him food from burger king . more details : URL URL <end>",rumor
674263945172119552,1.15 million americans have been killed by guns since john lennon's death URL URL <end>,rumor
681767380305985536,"sorry , mark zuckerberg is not giving $ 4.5 billion to 1,000 random facebook users URL URL <end>",rumor
613023744454475776,first black female gop @repmialove returning donations from alleged white supremacist URL URL <end>,rumor
723521076446142465,when your two favorite landmarks ... go purple in honor of the world missing prince ... beautiful : URL <end>,rumor
524925215235911680,#breaking news : shots fired at parliament hill . follow developing story : URL URL <end>,rumor
692845716826300418,"today , the @deptofdefense took steps to expand paid leave for military moms and dads ‚Üí URL URL <end>",non-rumor
681147789653356544,katy perry - - makes holiday wish come true for burn victim URL <end>,rumor
634404792241143809,new seaworld show just elephant drowning in large tank of water with no explanation URL URL <end>,rumor
641430951403343872,translucent butterfly - beautiful ! URL <end>,rumor
544399927045283840,"nsw police confirm 5 hostages have emerged from #sydneysiege and they are negotiating : "" it might take a bit of time "" URL <end>",rumor
693315824132685824,#quasimodo : dog with short spine has big heart URL URL <end>,non-rumor
692890520960397312,"the terps do it again ! no . 8 maryland knocks off no . 3 iowa 74-68 , has beaten 5 of its last 7 top - 5 opponents . URL <end>",non-rumor
667487418388488192,"the picture of a syrian child "" surrendering "" to a camera is real . URL URL <end>",rumor
613362193787129860,"the kissing islands , greenland . URL <end>",rumor
654371696195993600,colorado mcdonald ‚Äô s offers first marijuana friendly smoking section in restaurant - URL <end>,rumor
633961125126668288,a new cnn / orc poll finds @hillaryclinton ahead of @realdonaldtrump by just 6 points URL URL <end>,rumor
626898253900943360,everyone mad at bruce for his sex change but no one gave ashit about that nerd minkus changing into chanel west coast URL <end>,rumor
692925396292091905,paul kantner was jefferson airplane's conceptual heart . here are 12 essential songs URL URL <end>,non-rumor
656662726014599168,"the father of steve jobs , the ground-breaking founder of apple , was a refugee from syria URL URL <end>",rumor
604625816992002049,"the kissing islands , greenland . URL <end>",rumor
766568413418356736,"us swimmer jimmy feigen to pay $ 11,000 to charity as part of deal to settle brazil robbery dispute - us media URL <end>",non-rumor
672828403016429568,obama plans executive action on gun control ; white house admits it will not prevent mass shootings URL <end>,rumor
677099574855639044,plumber suing car dealership for $ 1m after truck he traded in ends up in hands of isis : URL URL <end>,rumor
763738618573623297,hillary clinton strategist bob beckel called for wikileaks editor julian assange to be assassinated : i do not ... URL <end>,rumor
675193315306905600,el chapo vs isis : mexican cartel boss threatens islamic state over drug trade URL URL <end>,rumor
544274934835707905,several people being held hostage at a sydney cafe . australian tv showing people with hands up against a window : URL <end>,rumor
692368829368918017,"london jury acquits five out of six brokers who were on trial , accused of manipulating the libor interest rate URL <end>",non-rumor
553506608203169792,"map shows industrial estate where 2 #charliehebdo suspects are holed up , surrounded by police URL URL <end>",rumor
676586804242309121,"isis has been killing babies afflicted with down syndrome and other disabilities , activists claim URL <end>",rumor
544314234541469696,uber intros surge pricing in downtown sydney during hostage siege URL URL <end>,rumor
644329878876237824,alert : tsunami advisory issued for southern california from 3-7 a . m . local time . stay away from ocean and shoreline . #cawx #tsunami <end>,non-rumor
658938136299511808,human dna found in hot dogs - and 10 % of vegetarian sausages contain meat URL URL <end>,rumor
674014933235859456,"dearborn michigan , this morning . pro isis rally . spread the word , the fit is about to hit the shan here in the us . URL <end>",rumor
524975705206304769,#nhl cancels tonight's game between #ottawa and #toronto due to today's shootings . senators were to host maple leafs . <end>,rumor
693853310479155200,meet our new fave celebrity couple : leonardo dicaprio and his vape pen URL URL <end>,non-rumor
663744139666804736,"as you ignore the cold homeless guy sitting outside starbucks , please be sure to complain about the ' non-christian ' red cup of $ 5 coffee . <end>",rumor
665309822208729088,breaking : five explosions heard near bataclan concert hall in paris : reuters witness URL <end>,non-rumor
544290258951892992,central sydney shut down by police amid ongoing hostage situation : URL <end>,rumor
673079581520318464,do these look like the faces of a homeless couple caught living in a walmart attic for 2 years ? URL <end>,rumor
757190314880884736,"donald trump : "" ... laziness is a trait in blacks . it really is , i believe that . it ‚Äô s not anything they can control . ‚Äù URL <end>",rumor
643225207705075716,isis flag among refugees in germany fighting the police .. URL #norefugees #rebootliberty URL <end>,rumor
665361505303584774,"first load of 10,000 syrian refugees has arrived in new orleans , being resettled unbeknownst to locals #tcot URL <end>",rumor
693281966846808064,"a head-on collision with another planet may have created our moon , researchers say URL URL <end>",non-rumor
732971411157880832,here's an interesting look at $ tgt target's stock price since it implemented it's transgender bathroom policy ... URL <end>,rumor
651402689352351744,"help the red cross provide food , water & cots for refugees across europe . URL #aidrefugees URL <end>",rumor
524952883343925249,watch video showing gunfire inside canada's parliament in ottawa URL URL <end>,rumor
693811101146963968,trump hopes for reversal on same-sex-marriage URL | ap photo URL <end>,non-rumor
649903655160815616,vatican says #kimdavis ' meeting w / #popefrancis ' should not be considered a form of support . ' URL URL <end>,rumor
544515538383564801,"haron monis , hostage-taker in #sydney : fled #iran 96 , suspect in ex-wife killing , 46 sex assaults URL URL <end>",rumor
544350567183556608,we can see people coming out a firedoor near the lindt cafe to waiting police . 2-3 people . hard to see . #sydneysiege <end>,rumor
724348906096590849,"340,000 pledge to boycott @target over transgender bathroom policy URL URL <end>",rumor
652000523525091328,a third of ' vegetarians ' eat meat when drunk on a night out URL URL <end>,rumor
755475529294352385,ohio police officer hospitalized after eating shards of glass in sandwich from columbus restaurant blackliesmatter URL <end>,rumor
686666933949837312,"the guardian front page , tuesday 12 january 2016 : david bowie 1947-2016 URL <end>",non-rumor
614628865353351168,the white house takes on rainbow hues in celebrating #scotusmarriage decision : URL URL <end>,rumor
690650123358093312,"google agrees to pay ¬£ 130m in back taxes after "" open audit "" of its accounts by uk tax authorities URL <end>",non-rumor
692540218310803456, dewshine  drink suspected in deaths of tennessee teens . URL <end>,non-rumor
628045645010608128,"sylvester stallone was so broke before his script for rocky was accepted that he sold his dog for $ 25 . after he bought it back for $ 15,000 . <end>",rumor
675064077367005184,el chapo threatens isis URL URL <end>,rumor
689867195657101312,"13 questions with @madisonbeer , the 16 - year-old singer @justinbieber discovered on youtube : URL URL <end>",non-rumor
656818921979310081,great scott ! #backtothefuture 2 ( almost ) nailed its 2015 predictions . @hplabs makes theirs : URL URL <end>,rumor
693586539562037248,what a rally for no . 1 . oklahoma came back from 14 down and won 77-75 at lsu on this late jumper : URL <end>,non-rumor
682916727282270208,erdoƒüan cites hitler's germany as example of effective government URL <end>,non-rumor
715256242990505984,"just in : donald trump tells @msnbc : "" there has to be some form of punishment "" for abortion URL <end>",rumor
614617234942656512,the white house tonight is illuminated in rainbow colors to honor and celebrate marriage equality . bravo ! URL <end>,rumor
716448280201269248,bernie sanders has won the nevada caucus #nvcaucus URL <end>,rumor
666335363099660288,eiffel tower displays colors of france's flag to pay tribute to victims of #parisattacks : URL URL <end>,non-rumor
614601139422633984,white house lit in rainbow colors following us supreme court ruling that same-sex couples have right to marry . URL <end>,rumor
640644123339431936,did you know that microsoft actually uses dog noses for thumbsticks on the gamecube controller ? URL <end>,rumor
692797856386777089,an adorable young fan asked riley curry to be his valentine ... and steph responded : URL URL <end>,non-rumor
743126914794037248,people blame the massacre in orlando on the nra . newsflash : the orlando shooter wasn't a nra member ... but he was a registered democrat . <end>,rumor
544476808566276097,tv channels have chosen not to show videos of hostages relaying #sydneysiege gunman's demands . URL URL <end>,rumor
690042063958732800,#ausopen : british number one andy murray beats australia's sam groth 6-0 6-4 6-1 scores : URL URL <end>,non-rumor
729647367457230850,leading causes of death in the u . s . : 1 . heart disease 2 . cancer 3 . medical error URL URL <end>,rumor
553160652567498752,french police : said kouachi and cherif kouachi wanted in paris terror attack : URL URL <end>,rumor
553543369604210689,an 11 - month old baby is among the hostages at the kosher supermarket in paris . unbearably sad . URL <end>,rumor
653432177632387072,study finds over a third of vegetarians eat meat ... when drunk ! URL URL <end>,rumor
552792544132997121,breaking charlie hebdo latest : 11 dead 10 wounded ( five critical ) two gunmen unaccounted for URL URL <end>,rumor
693146363685642240,"watch one direction's original #xfactoruk auditions from 2010 , where it all began URL URL <end>",non-rumor
552785375161499649,breaking : 10 reportedly shot dead at paris hq of french weekly charlie hebdo URL <end>,rumor
676120162018451456,"months ago , rupert murdoch bought national geographic and fired most of writers . this just hit the stands . URL <end>",rumor
757367391202471937," laziness is a trait in blacks ,  1991 book quotes trump as saying : URL URL <end>",rumor
761999790892806144,‚Äú our team boasts the most women who have ever competed for any nation at any olympic games . ‚Äù ‚Äî @potus on @teamusa : URL <end>,non-rumor
692082592380751874,stiles ( and the rest of us ) just wants lydia to wake up on #teenwolf tonight at 9/8 c : URL URL <end>,non-rumor
757450526153900032,victoria woodhull ran for us president 144 years before hillary clinton üìª URL URL <end>,rumor
692163879909064704,#teenwolf starts in 5 minutes ! rt if you're watching + tweeting + crying + screaming with @mtvteenwolf & me ! URL <end>,non-rumor
524935485370929152,shooting in canadian parliament comes day after isis-inspired radical drove in2 canadian soldier . also reports of shooting at war memorial / 1 <end>,rumor
663904307113275392,"donald trump defends christmas , says "" maybe we should boycott starbucks "" over new red cups : URL URL <end>",rumor
544278335455776769,"#breaking hostages held inside sydney cafe , islamic flag held up <end>",rumor
544277117039837184,flag in window of sydney lindt cafe not an isis flag . reads : ‚Äò there is no god but allah and muhammad is the messenger of god ‚Äô ( @liztilley84 ) <end>,rumor
614607711368519680,photo : white house lit in rainbow colors after high court's gay marriage ruling URL URL <end>,rumor
733242244522725376,"üéØ #target backlash over transgender bathroom policy hits "" boiling ‚ô® Ô∏èpoint "" ‚ùó Ô∏è URL #boycotttarget URL <end>",rumor
707308274270539777,no one is surprised by this.of course obama is skipping nancy reagan's funeral.dignity isn't his strongest attribute URL <end>,rumor
674080899055546368,a vote for donald trump is a vote for adolf hitler . <end>,rumor
614620298877513729,white house lit in rainbow colors following us supreme court ruling that same-sex couples have right to marry . URL <end>,rumor
723198441690636288,pop legend prince has died at 57 : URL URL <end>,non-rumor
693080409282846720,. @potus will make his latest push to advance equal pay for women today URL URL <end>,non-rumor
614618682543616000,white house shines rainbow-colored lights in honor of #scotus gay marriage decision #lovewins URL URL <end>,rumor
707310135291416576,"obama to skip nancy reagan's funeral , as he did scalia's . this time , he'll be attending sxsw : URL <end>",rumor
693321561542127616,"after eluding capture for years , 2 mafia bosses arrested in underground bunker in southern italy . URL <end>",non-rumor
641972184412327937,alert ! islam taught in tennessee schools URL #wakeupamerica #tcot #wethepeople #pjnet #ccot URL <end>,rumor
665364878287224834,"ironic timing ‚Äì today first load of 10,000 syrian ‚Äú refugees ‚Äù has arrived in new orleans ‚Äì ‚Ä¶ URL URL <end>",rumor
690106189951139840,"president putin "" probably "" approved ex-russian spy alexander litvinenko's assassination in 2006 , inquiry finds URL <end>",non-rumor
524943490887991296,"confirmed | 1 shooter shot dead at parliament hill , but there is more than 1 suspect . #cbcott #ottnews <end>",rumor
524923462398513152,shots fired on parliament hill after a man walked up with a gun . i'm locked in a security office on parliament hill <end>,rumor
659439879701602304,fda confiscates several thousand chickens from kfc farms as mutations worsen URL URL <end>,rumor
641666167992647681,"oh , you invented the pencil ? #appleevent URL <end>",non-rumor
667379734343471104,donald trump is the new adolf hitler URL <end>,rumor
692940257134653441,icymi : a dog accidentally stumbled into the middle of a local half marathon ... and earned 7th place . URL <end>,non-rumor
715255507506892800,"update : donald trump advocates abortion ban and "" some form of punishment "" for women who have an abortion . URL - @msnbc <end>",rumor
691608761128067072,29 times @msleamichele ' s instagram inspired us to live a healthier life : URL URL <end>,non-rumor
757748522481491968,tim kaine & his besties the muslim brotherhood URL #demsinphilly #dncconvention URL <end>,rumor
667465205258051584,remember the man who killed four marines in chattanooga ? he was a refugee . URL <end>,rumor
661299012386095105,' hoods off ' : anonymous announces operation to name kkk members URL #opkkk <end>,rumor
656595123590012928,10 ' back to the future ' predictions that actually came true URL URL <end>,rumor
688428083540553728,remembering the talented singer aaliyah on what would have been her 37th birthday : URL URL <end>,non-rumor
524931324763992064,very reliable source on parliament hill tells me the assailant has been killed . #cdnpoli #ottnews <end>,rumor
640967537178472448,"judy carne , "" laugh-in ‚Äô s "" "" sock it to me "" girl , dies at 76 URL URL <end>",rumor
524966904885428226,breaking update : canadian soldier injured at parliament hill shooting dies URL #ottawa <end>,rumor
626901072209121282,everyone mad at bruce for his sex change but no one gave ashit about that nerd minkus changing into chanel west coast URL <end>,rumor
693140340367187969,chiefs te travis kelce will have his own reality tv dating show : URL URL <end>,non-rumor
728207861050970112,caitlyn jenner will pose nude on the sports illustrated cover . her balls will be censored by a sad michael jordan face . <end>,rumor
