Tweet ID,Tweet Text,Tweet Label
'524931324763992064,Very reliable source on Parliament Hill tells me the assailant has been killed . #cdnpoli #ottnews <end>,rumours
'544519694401941504,BREAKING : 2 people killed and 3 in serious condition as hostage siege at Sydney caf√© ends - - Australian broadcaster . $URL$ <end>,rumours
'552805596198871040,"Video footage of the the Paris shooting from French TV , via @nycjim , including a shout of Allahu akbar $URL$ <end>",rumours
'524971124845985792,My heart aches for the family of the Canadian Soldier murdered this morning in Ottawa . RIP ‚ù§ Ô∏è <end>,rumours
'500160181184249856,That iconic #Ferguson photo reminds me of somewhere . The West Bank . $URL$ <end>,non-rumours
'498255816034893824,"America doesn't think we're human , the world doesn't think we're human , and cops don't get punished for killing us for no reason . #ferguson <end>",non-rumours
'552829637215408128,I am devastated by what just happened in France . #CharlieHebdo $URL$ <end>,non-rumours
'524942353355005952,#canada unreal . --> Footage from Globe reporter captures exchange of gun fire in Parliament Hill building $URL$ <end>,rumours
'552810249263259649,"Second thought : Only way to pay respect to those who died is by defending the rights that Charlie Hebdo defended , and in as upfront a way . <end>",non-rumours
'500386978467414016,We will be free when we learn to stand together and fight . #allthatandabagofchips ( based on a photo from #ferguson ) $URL$ <end>,non-rumours
'580328302939889664,R . I . P . My sincere condolences to @germanwings colleagues and families . $URL$ <end>,non-rumours
'580344006682505216,#Germanwings #4U9525 crash & response sites & LIVE UPDATES & reactions $URL$ $URL$ <end>,non-rumours
'525025329916948481,"#BREAKING : Soldier shot dead in Ottawa attack identified as Hamilton , Ontario-based reservist Cpl . Nathan Cirillo . #OttawaShooting <end>",rumours
'544337283801829376,"My thoughts are with the hostages , their families and everyone in Sydney right now . <end>",non-rumours
'553227220765130752,A 60 - second tribute to the victims of the #CharlieHebdo attack $URL$ $URL$ <end>,non-rumours
'553215305917665280,‚Äú The paper will continue because they didn ‚Äô t win . ‚Äù #CharlieHebdo vows to continue publishing $URL$ $URL$ <end>,non-rumours
'499691556652449792,Those people in #Ferguson must think they have some kind of constitutional right to protest or something . <end>,non-rumours
'553540617540624385,"Reports that the Jewish community in #France going in to lockdown . Shops , synagogues , schools etc . #ParisShooting #CharlieHebdo <end>",rumours
'524975552638504960,BREAKING : NHL postpones tonight's Senators-Leafs game in Ottawa <end>,rumours
'544354657385316352,BREAKING : 2 people have run out of Sydney building where a hostage situation is unfolding . <end>,rumours
'525031558949134336,CBS reports Ottawa shooting suspect was born in Quebec as Michael Joseph Hall . He's a recent convert to Islam - $URL$ <end>,rumours
'524946336190586880,"UPDATE : Police : "" Several shooting incidents "" being investigated in downtown Ottawa : $URL$ $URL$ <end>",rumours
'544409432600223744,A hostage runs towards a police officer outside Lindt cafe #SydneySiege #SydneyCafeSiege $URL$ <end>,rumours
'524951711941922818,"BREAKING : CTV Ottawa confirms there were 3 separate shootings . One on Parliament Hill , one at National War Memorial , one near Rideau Centre <end>",rumours
'580364236330762240,BREAKING : Germanwings crew did not send distress signal : aviation official - @AFP <end>,rumours
'552832169496694786,What the Quran actually commands Muslims to do when it or the Prophet Ô∑∫ are ridiculed . #CharlieHebdo #ParisShooting $URL$ <end>,non-rumours
'553151132949053440,‚Üí $URL$ 433 Charlie Hebdo shooting : World leaders condemn attack in Paris #CharlieHebdo Masked gunm ‚Ä¶ $URL$ <end>,non-rumours
'552784898743099392,Charlie Hebdo ‚Äô s Last Tweet Before Shootings $URL$ $URL$ <end>,non-rumours
'524940077978640384,Police say the shooter is on roof of building at Metcalfe and Sparks 1 block from Parliament Hill #ottnews #cbcott $URL$ <end>,rumours
'500354853680340993,Boom RT @newsneighbor Why was #Ferguson PD still looking for the suspect 7 hours after Michael Brown had been killed ? $URL$ <end>,rumours
'544325896661114881,"NSW police commissioner : Suspect holding "" undisclosed "" number of hostages in Sydney ; situation contained - @9NewsAUS $URL$ <end>",non-rumours
'553591411602640896,"Suspects in Charlie Hebdo attack killed after hostage situation northeast of Paris , police sources say - @AP , @AFP $URL$ <end>",non-rumours
'524931019745812480,DEVELOPING STORY : Soldier shot in #Ottawa at War Memorial . $URL$ $URL$ <end>,rumours
'553543319423553537,"If rightwing radical Christians were killing people in U . S . & Europe , would the hard left be bleating about Christianophobia ? #JeSuisCharlie <end>",non-rumours
'553104539898089472,This is what Paris looked like last night #charliehebdo $URL$ $URL$ <end>,non-rumours
'544516240572940289,#BREAKING : #Sydneysiege latest : * Armed police have stormed cafe * Multiple hostages freed * Paramedics entered scene $URL$ <end>,non-rumours
'580327418084364288,The route of the Germanwings Airbus A320 plane which has crashed . Updates of #alpscrash here : $URL$ $URL$ <end>,non-rumours
'553194557316542465,Pencil sketch tribute ... #JeSuisCharlie $URL$ <end>,non-rumours
'524970444156571648,Our thoughts are with our friends in Ottawa . Stay safe everyone . <end>,non-rumours
'525030696738652160,Canadian soldier killed in Ottawa identified $URL$ / / #CDNpoli #OttawaShooting $URL$ <end>,rumours
'552812140479148032,"If we hate after atrocities like this , we're doing exactly what the perpetrators want us to do #CharlieHebdo <end>",non-rumours
'552786016906383360,BREAKING : Paris : 10 dead in attack on satirical paper that poked fun at Mohammed $URL$ #CharlieHebdo $URL$ <end>,rumours
'552796522904297472,"We don't know who carried out Charlie Hebdo attack . However if they were Muslims , then they are the enemies of me and most other Muslims . <end>",non-rumours
'544436279442546688,#illridewithyou is the best thing to come out of all the shit that happened in Sydney today . Proud to see Aussies looking after eachother . <end>,non-rumours
'581404604677660673,#Germanwings Co Pilot New Muslim Convert Islamic State Praises Their Hero #WakeUpAmerica üá∫ üá∏ $URL$ $URL$ <end>,rumours
'544345465311879170," Police urge the media to be responsible in their reporting  , so the Daily Tele produced this . #SydneySiege $URL$ <end>",non-rumours
'525025695425380352,"Hamilton Argylls soldier , Nathan Cirillo , on the right in this picture , dies in Ottawa attack $URL$ $URL$ <end>",rumours
'499687274326786049,"Vet to #Ferguson cops : "" Go ahead and shoot me ! "" $URL$ $URL$ <end>",non-rumours
'553583035820802048,"Smoke is emerging from building at site of hostage situation . Gunshots , loud blasts heard . $URL$ #CharlieHebdo <end>",non-rumours
'580387098039046145,"Reports of "" moving body "" amidst #Germanwings wreckage #A320 $URL$ $URL$ <end>",rumours
'552810804186460161,#CharlieHebdo famous cartoonists Charb and Cabu shot dead according to reports $URL$ $URL$ <end>,rumours
'553512735192141826,Update - AFP : an unnamed police source says the killing of the policewoman in #Paris on Thursday is linked to the #CharlieHebdo attack <end>,rumours
'544470979842281472,"Dear Media , You might want to know that Imphal has more Indians than Sydney and there has been a terror attack there too . <end>",non-rumours
'544351133120987136,Fire door is still open . SWAT police at its opening . Three people freed . #sydneysiege <end>,rumours
'524949435886096385,Keep advice from the Breaking News Consumers ' Handbook in mind as coverage of Ottawa continues $URL$ $URL$ <end>,non-rumours
'524952808110694400,#Leafs are currently in lockdown mode in a hotel in downtown #Ottawa . <end>,non-rumours
'499674991294951424,"Crowd near site of shooting chants "" hands up , don't shoot . "" #Ferguson $URL$ <end>",non-rumours
'552795693682032640,Paris police say 11 dead after shooting at French satirical weekly Charlie Hebdo $URL$ <end>,rumours
'580356429615337472,Germanwings flight #4U9525 crashes in French Alps : plane was at low altitude when ' mayday ' call received - live $URL$ <end>,rumours
'544472800379940864,The #sydneysiege just entered its 14th hour . Love & prayers to the hostages and their families . Stay Strong . <end>,non-rumours
'553231516290269184,Pictures From #CharlieHebdo Solidarity Vigils Across The Globe $URL$ $URL$ <end>,non-rumours
'553547659404148736,URGENT : French police release names and mug shots of suspects in Montrouge shooting $URL$ $URL$ <end>,non-rumours
'552805450350362625,"#CharlieHebdo Satire was the father of true political freedom , born in the 18th century ; the scourge of bigots and tyrants . Sing its praises <end>",non-rumours
'524922499466022913,Passersby working on shooting victim . From the CBC's Jason Ho . #cbcOTT #OTTnews $URL$ <end>,non-rumours
'544505447911149569,"US police needs to learn from Aussie police in dealing with crisis . Patience and negotiations , not shoot first think later #sydneysiege <end>",non-rumours
'553556643456507904,Armed French Police At Trocadero In Paris $URL$ <end>,rumours
'500350150695743489,These 3 words say it all . #ferguson #MikeBrown $URL$ <end>,non-rumours
'553476880339599360,"DEVELOPING : Police pursuing #CharlieHebdo shooting suspects , helicopters deployed - LIVE FEED : $URL$ $URL$ <end>",rumours
'524986649315667968,Officer Wilson will not face any criminal charges in the #MichaelBrown shooting . He was defending himself . Be prepared people . <end>,non-rumours
'500413956230365185,"Murder math , #Ferguson edition . Via @KattPackAllDay ... I think . $URL$ <end>",non-rumours
'544358533819420672,BREAKING : Three hostages appear to have escaped the Sydney cafe where a siege remains ongoing . $URL$ #sydneyseige <end>,rumours
'580325458870460416,#4U9525 UPDATE : 150 people were on board : 142 passengers and 8 crew members $URL$ <end>,rumours
'552834732325879809,White House @PressSec says shooting at #CharlieHebdo office seems to be an attack on freedom of press . #ParisShooting $URL$ <end>,non-rumours
'544305745416581120,Police stand guard as hostages are held in a cafe in Sydney . Follow AFP's LIVE REPORT : $URL$ $URL$ <end>,rumours
'552830151650967552," There are no jokes in Islam .  - Ayatollah Khomeini "" Every joke is a tiny revolution . "" - George Orwell #CharlieHebdo <end>",non-rumours
'498556324868009984,BREAKING : AG Eric Holder has instructed attorneys in the department's civil rights division to monitor developments in #Ferguson . - @AP <end>,non-rumours
'553134790925619201,Why we must not let the Isis propoganda machine win #CharlieHebdo #JeSuisCharlie $URL$ $URL$ <end>,non-rumours
'544300256981430272,Muslim extremists are always so open to reason and negotiation . This should end well . #sydneysiege <end>,non-rumours
'581290271997968384,GERMAN NEWS : Co-Pilot of Germanwings Airbus Was MUSLIM CONVERT ‚Ä¶ ‚Äô Hero of Islamic State ‚Äô ? $URL$ via @gatewaypundit <end>,rumours
'544378468931076097,Photo of the moment a cafe worker escaped the #SydneySiege $URL$ via @TheHeraldSun STORY : $URL$ <end>,rumours
'552809042687819776,People who have actually died of being offended : 0 People who have died because others were offended : far too many . #CharlieHebdo <end>,non-rumours
'499484255869612034,There will be no #BlackOut or Censoring The Global Community from witnessing this #HUMAN travesty #Unity #Ferguson $URL$ <end>,non-rumours
'580699430690656256,"BREAKING : #Germanwings crash victims include 72 German citizens , 35 Spaniards , 2 Americans , per CEO - via @AP <end>",rumours
'552792988376915969,"11 dead in Paris shooting at French satirical newspaper Charlie Hebdo , police official says - @AP $URL$ <end>",rumours
'544330174351679489,The incident in Sydney is disturbing . Such acts are inhuman & deeply unfortunate . I pray for everyone's safety . <end>,non-rumours
'580330740086243328,The French president has said he believed none of the 148 people on board #Germanwings flight #4U9525 plane survived $URL$ <end>,rumours
'553473629854646272,I know a guy that feels really weird hearing all this media fountain about European freedom of speech . #CharlieHebdo $URL$ <end>,non-rumours
'500318980007948288,You can say what you want about #MikeBrown but that doesn't make him guilty . That police officer though ? He killed him . #Ferguson <end>,non-rumours
'524977812852461568,To the folks attending Saturday's NHL game in Ottawa : you're belting out O Canada for a whole nation . Let her rip . <end>,non-rumours
'544296373466562560,"NSW Police : "" Police urge the media to be responsible in their reporting . Speculation can cause unnecessary alarm . "" #SydneySiege <end>",non-rumours
'525051210349289472,"Breaking News : U . S . agencies have been advised that #Ottawa shooter was believed to be a #Canadian convert to #Islam , #FoxNews confirms . <end>",rumours
'580331192316198912,"Debris from the Germanwings crash has already been found , says French interior minister $URL$ $URL$ <end>",non-rumours
'552851305023414272,"we strongly condemn #CharlieHebdo attack "" Because ISLAM denounces any violence "" . #charliehebdoattack left 12 dead . $URL$ <end>",non-rumours
'500286805720449025,#Ferguson Police apparently has a history of fabrication . $URL$ <end>,rumours
'544334477011349505,"Sydney's Daily Telegraph has printed a special 2pm edition - "" Death cult CBD attack "" #MartinPlaceSiege $URL$ <end>",rumours
'500294803402137600,Photos of alleged robbery involving Michael Brown in #Ferguson ( via police ) $URL$ $URL$ <end>,rumours
'544293694166536192,BREAKING PHOTO Appears To Show #SydneySiege Suspect - - MORE HERE : $URL$ $URL$ <end>,rumours
'581248880098086912,#Germanwings Flight 9525 co-pilot crashed plane ! My #Prayers go out to the families ! $URL$ $URL$ <end>,non-rumours
'500319801344929795,"The day #Ferguson cops told a dirty , bloody lie ( via @thedailybeast ): $URL$ $URL$ <end>",rumours
'500356642329071616,Educated guess : possible reason they didn't release shooter's incident report--he didn't write one on advice of his lawyer . #Ferguson <end>,rumours
'552833268362772481,Papers covering the #CharlieHebdo story without publishing the cartoons aren't curbing terrorism - they are victims of it . <end>,non-rumours
'544454229960974336,A gunman holding hostages in a Sydney cafe is said to be demanding an #ISIS flag $URL$ #sydneysiege $URL$ <end>,rumours
'544317165965303808,Ugh : Uber introduces $ 100 minimum surge pricing during #SydneySiege $URL$ via @jennijenni $URL$ <end>,rumours
'553467311261503488,Reports of shooting at Dammartin en Goele on route N2 north east of Paris - French media says car chase under way <end>,rumours
'553487356733313024,From Paris to #Peshawar : Answer with #HumanRights . $URL$ #CharlieHebdo <end>,non-rumours
'553528788383191040,#BREAKING Armed man takes hostage in kosher grocery in Paris : source <end>,rumours
'544460097146331136,If u abuse or target a innocent muslim man or woman in response to what's happening in Sydney you are a moron . <end>,non-rumours
'553184643055644674,The artist behind this iconic #CharlieHebdo pencil tribute $URL$ $URL$ <end>,rumours
'500308708988301312,"The "" Robbery "" Incident Report released by #Ferguson PD today is sketchy at best . What stood out ? NAMING #MikeBrown . How did they know ? <end>",rumours
'524937421180653568,"List of reporters , MPs , police etc . actively tweeting about the shooting in Ottawa . $URL$ <end>",non-rumours
'552812811651272705,Single finger raised by #CharlieHebdo gunman looks like what ISIS fighters often do in battle . $URL$ CC @EliotHiggins <end>,non-rumours
'544334554631536640,"Hostages held in Sydney cafe , forced to hold Islamic flag in window : $URL$ $URL$ <end>",rumours
'580321327845765120,"BREAKING : A #Lufthansa #Germanwings Airbus jet carrying 148 people has crashed in southern #France , en route from #Barcelona to #Duesseldorf <end>",rumours
'544287499397242880,#BREAKING : unconfirmed reports contact has been made to a Sydney radio station . @campricenews #martinplace $URL$ <end>,rumours
'525021050627973120,Thoughts and prayers with everybody in Ottawa . Stay safe . #OttawaStrong #CanadaStrong <end>,non-rumours
'524933657493250048,Two Tory MPs say gunman at Parliament Hill has been ' shot and killed ' $URL$ $URL$ <end>,rumours
'580317556516483072,BREAKING We got reports the crash could be an Airbus A320 Germanwings between Barcelona and Dusseldorf . <end>,rumours
'553157352091025408,"Cartoonists around the world continue to show support for #CharieHebdo , this by famous #DRCongo's Kash #JeSuisCharlie $URL$ <end>",non-rumours
'553513403512532992,"Killing of policewoman in Paris linked to #CharlieHebdo killers , police tell French media after identifying suspect $URL$ <end>",rumours
'553114307383541761,This is Melbourne right now ! #JeSuisCharlie #CharlieHebdo $URL$ $URL$ <end>,non-rumours
'552836844560609281,"Counter terrorism expert Colonel Mike Dewar says Paris will have been put on "" virtual shutdown "" #CharlieHebdo $URL$ <end>",non-rumours
'544297950134816768,A picture of the gunman inside Lindt cafe at Martin Place . Updates : $URL$ #SydneySiege $URL$ <end>,rumours
'524950321064607744,LIVE STREAM : CBC News coverage of the #OttawaShooting $URL$ Mobile : $URL$ #CBCNN $URL$ <end>,non-rumours
'544320939245043712,50 hostages in a cafe ... at Sydney ... Imagine if @Bdutt were reporting this ugly incident .. You would be dead by now ... <end>,rumours
'552981296839131136,Good article on why we are not all Charlie Hebdo $URL$ . $URL$ ‚Ä¶ via @pennjillette and @SaHreports <end>,non-rumours
'552848701312737280,PHOTO : Forensic experts examine the car believed to have been used as the escape vehicle in the Charlie Hebdo attack : $URL$ <end>,non-rumours
'525030963781595136,Soldier killed in #OttawaShooting identified as Cpl . Nathan Cirillo ( via @globeandmail ) $URL$ $URL$ <end>,rumours
'500380881563811840,This is incredible . A witness to the Michael Brown shooting live tweeted the entire event . #Ferguson $URL$ <end>,non-rumours
'544305463048015872,Sydney hostage situation . LIVE VIDEO : $URL$ UPDATES : $URL$ $URL$ <end>,rumours
'544495167836016640,"At least 5 dead as gunman goes on rampage in PA , suspect reportedly barricaded in a home $URL$ $URL$ <end>",non-rumours
'553573875528007680,#CharlieHebdo suspects were on British terror watch list for years $URL$ $URL$ <end>,non-rumours
'544305673287524353,"Sydney cafe in hostage crisis may hold up to 10 staff and perhaps 30 customers , Lindt says $URL$ $URL$ <end>",rumours
'552846337746952194,Terrorists are sick people . You can't be in your right mind and say you believe in God and kill his creation . Makes no sense . #CharlieHebdo <end>,non-rumours
'500312651797233665,#MichaelBrown death in #Ferguson just one of many cases of police killing unarmed black people . What the data shows : $URL$ <end>,non-rumours
'500298752469770240,Shoot unarmed kid . Conceal evidence . Impose martial law . Harass reporters . Smear the victim . Worst . Police . Ever . #Ferguson #MikeBrown <end>,rumours
'544280873806610433,UPDATE : Reports the Sydney Opera House has also been evacuated . #9News <end>,rumours
'500364921607974913,Are we supposed to be cool & remain calm when the police after MURDERING a teenager SLANDER him to hide the killing behind racism ? #Ferguson <end>,rumours
'498302874531553280,"Unarmed teen killed by cops isn't the headline but calling black people "" ANGRY MOB ! "" is , that tells you everything about the media #Ferguson <end>",non-rumours
'544276998017646593,"This is The Islamic State flag , not the one in the window in Sydney . $URL$ <end>",rumours
'500404132394459136,MSNBC is literally reporting that Police Chief CLEARLY said it was about jay walking . This is a fucking clown show . #Ferguson <end>,rumours
'553536236493615104,Breaking : Armed man linked to Charlie Hebdo suspects takes hostages at kosher grocery store in east Paris $URL$ <end>,rumours
'499456140044824576,St . Louis Co Police tell me ofcr shot a man who pointed handgun at him at Chambers & Sheffingdell at about 1 a . m . Man in critical . #ferguson <end>,rumours
'544355197435142145,Police confirm three safe #SydneySiege : ‚Äú Our number one aim is to resolve incident peacefully ‚Äù $URL$ <end>,rumours
'580336326634962944,French PM says he fears those aboard the #Germanwings Airbus A320 jetliner may be dead . $URL$ $URL$ <end>,non-rumours
'525033278555033601,"Gunman shot dead in #OttawaShootings named by US officials as 32 - year-old , Canadian-born , Michael Zehaf-Bibeau $URL$ <end>",rumours
'581063730319925248,"Andreas Lubitz , copilot who apparently deliberately crashed Germanwings 9525 , was 24 yrs old . "" He had no reason to do it , "" prosecutor says . <end>",rumours
'544513557912879105,Live ammunition and stun grenades used by police as they stormed #MartinPl cafe moments ago . #SydneySiege #9News <end>,rumours
'580330986220687360,#BREAKING : A helicopter has located the Airbus A320 crash scene - officials #germanwings #A320 $URL$ <end>,non-rumours
'580334729678966784," If our fears are confirmed , this is a dark day for Lufthansa ,  #Germanwings ' parent company says after crash $URL$ <end>",non-rumours
'524943504192311296,All Ottawa police stations are closed . University of Ottawa in lockdown . Campus closed . <end>,rumours
'525003468659228672,These are not timid colours ; soldiers back guarding Tomb of Unknown Soldier after today's shooting #StandforCanada $URL$ <end>,rumours
'544381860214603776,Further @channeltennews reporting #sydneysiege gunman says there are 4 bombs : 2 in cafe and 2 elsewhere in CBD . <end>,rumours
'499601812005998592,"On local tv now , @LauraKHettiger reports shooting victim last night in #Ferguson was 19 - year-old male , shot multiple times by county police <end>",non-rumours
'553517053110657024,"Schools near siege building in Dammartin-en-Goele being evacuated , say officials . Follow our coverage : $URL$ #CharlieHebdo <end>",non-rumours
'553589914684895232,"BREAKING : #CharlieHebdo terror suspects killed in police raid , hostage freed , @AFP reports $URL$ <end>",non-rumours
'524996383120818176,Ottawa shooting : Kevin Vickers labelled ' hero ' after taking down gunman in Canadian Parliament $URL$ $URL$ <end>,rumours
'553528740618436610,What we do and don't know about the standoff with the Charlie Hebdo attack suspects $URL$ $URL$ <end>,non-rumours
'544428082749132800,Join us in Prayer #sydneysiege #PrayForSydney $URL$ <end>,non-rumours
'500336373833170945,#Ferguson police are embarking on what can only be described as an elaborate smear campaign of Michael Brown $URL$ <end>,rumours
'544367253857525761,Deputy Commissioner Catherine Burn confirms police are in contact with #sydneysiege gunman $URL$ $URL$ <end>,rumours
'580329875891974145,Germanwings Airbus A320 crashes in French Alps : flightradar data shows flight #4U9525 had rapid descent $URL$ <end>,rumours
'525007169956347904,the @OttawaPolice just sent an email to #muslim community leaders to call them if they feel unsafe or they're at risk #ottawashooting <end>,non-rumours
'552817675408523264,French media calling #CharlieHebdo attack the worst attack in France in decades $URL$ $URL$ <end>,non-rumours
'544515097625108480,"CPR being performed on at least 2 after Sydney siege , which has now ended , Australia's ABC reports $URL$ <end>",rumours
'544516514519343104,A bomb detection robot has entered the #MartinPl caf√© . #SydneySiege #9News <end>,rumours
'524984773211860994,"Ottawa Police confirms 1 gunman dead , 1 soldier killed in #OttawaShooting $URL$ $URL$ <end>",rumours
'500349179848560640,"So , many of those calling for transparency yesterday are condemning police for what they released today . Can ‚Äô t have it both ways . #ferguson <end>",non-rumours
'544334623023452160,"Btw , how come no "" professionally "" secular voice has blamed RSS for the Sydney terror plot so far ? Is Lutyens zone waking up late today ? ? <end>",non-rumours
'544329935943237632,Uber Sydney trips from CBD will be free for riders . Higher rates are still in place to encourage drivers to get into the CBD . <end>,rumours
'524928297986433024,A reminder for those observing the shooting on Parliament Hill : DO NOT tweet police locations and movements #ottcity #ottawa <end>,non-rumours
'553105460887572480,"Chapeau , George Packer and @NewYorker , for telling it exactly as it is . $URL$ #JeSuisCharlie <end>",non-rumours
'525044678765187072,"When you kill because your ideology calls you to do so , you r a terrorist . No euphemism can change that . #Terrorism is terrorism . #Ottawa <end>",non-rumours
'552790824971677696,11 dead as shots fired at French satirical weekly #CharlieHebdo . Photo : Philippe Dupeyrat #AFP $URL$ <end>,rumours
'552829306439598080,More relevant than ever . #CharlieHebdo #PeshawarAttack #MumbaiAttacks #Sept11 #PewChurchAttack #SydneySeige #EveryDay $URL$ <end>,non-rumours
'552983966932688897,"Meet Ahmed Merabet , first officer on scene to die at #CharlieHebdo , #ParisShooting $URL$ <end>",non-rumours
'580339547269144576,"Latest on #Germanwings crash : Pilots signaled 911 before dropping out of midair ; airline CEO calls this a "" dark day . "" $URL$ <end>",rumours
'524987990524047361,Ottawa police chief confirms that both gunman and soldier at war memorial are dead . <end>,rumours
'544474153646956547,Our thoughts are with the people of Sydney tonight . Let's hope we all wake up to a good news story tomorrow ‚ù§ Ô∏è $URL$ <end>,non-rumours
'581063816882065408,French officials confirm i / d of #Germanwings copilot as being Andreas Lubitz . Thought to be 28 y / o . Pictured here . $URL$ <end>,rumours
'525026947307700225,Rest In Peace Cpl . Nathan Cirillo and thank you for serving our country #OttawaShooting $URL$ <end>,rumours
'499679142766735362,Witness To #MichaelBrown's Shooting Opens Up : He Was ' Shot Like An Animal ' $URL$ #Ferguson $URL$ <end>,non-rumours
'552811386259386370,At least 12 dead in the Paris shooting . Updated story and background info : $URL$ #CharlieHebdo $URL$ <end>,rumours
'499581469027618816,WAKE UP ! ! ! #Ferguson $URL$ <end>,non-rumours
'553546292748898304,"#CharlieHebdo attack shows ‚Äò a complete change in terrorist methods ' , French FM @LaurentFabius tells me $URL$ <end>",non-rumours
'524927789892653056,Canine unit running to Parliament Hill $URL$ <end>,non-rumours
'524971258996588544,Our thoughts & prayers go out to everyone affected by the events in our nation's capital . #OttawaStrong #Ottawa $URL$ <end>,non-rumours
'544513292576641025,DEVELOPING : Police appear to storm cafe in Sydney where hostages have been held Live : $URL$ $URL$ <end>,rumours
'553128325217275905,#EU flags are flying at half-mast in Brussels today . RT :@ EU_Commission #JeSuisCharlie $URL$ <end>,non-rumours
'544301453717041152,BREAKING UPDATE : Gunman says four devices are located around Sydney . Security response underway . Police calling for calm . 9News <end>,rumours
'524961408740380672,"OTTAWA SHOOTING - Soldier shot at memorial - Gunfire in Parliament - PM safe , will speak later today $URL$ <end>",rumours
'544519788752818176,#Sydneysiege ends with shootout leaving two dead and more injured $URL$ <end>,rumours
'524967631171117056,"Wow . Photo from MP Nina Grewal showing the doors of Reading Room Barricaded . #ParliamentHill #Ottawa $URL$ "" <end>",non-rumours
'544334431830286336,thoughts with the hostages and their families . prayers for a peaceful ending . #sydneysiege <end>,non-rumours
'553505858811080704,AFP map of the region northeast of Paris where Wednesday's massacre suspects are cornered with hostage $URL$ <end>,rumours
'524936137589411840,DEVELOPING MPs tweeting that gunman has been shot dead . CBC has not confirmed this . Condition of soldier also unknown $URL$ <end>,rumours
'498284334806495233,Things are getting very tense in #Ferguson . $URL$ <end>,non-rumours
'553537648938086403,To whom said #KillAllMuslims just in case you are confused . #CharlieHebdo $URL$ <end>,non-rumours
'544373515067998208,Powerful series of images of one of the hostages escaping #sydneysiege $URL$ <end>,rumours
'553506608203169792,"Map shows industrial estate where 2 #CharlieHebdo suspects are holed up , surrounded by police $URL$ $URL$ <end>",rumours
'544512398628241408,BREAKING : Heavily armed police storm Sydney cafe where gunman has been holding hostages . <end>,rumours
'553172900270727169,The threat of violence should not become an excuse or justification for restricting freedom of speech . #JeSuisCharlie $URL$ <end>,non-rumours
'544511865729323009,Police confirm that live ammunition was used as heavily armed police stormed the caf√© in Sydney - @9NewsSyd $URL$ <end>,rumours
'580882302621843456,New York Times just reporting one of the pilots was locked out of the cockpit before it crashed #Germanwings #cbc <end>,rumours
'524943658748219392,#Ottpolice and @RCMPGRCpolice investigating several shooting incidents in downtown #Ottawa . <end>,non-rumours
'552841049467400192,People died today for telling jokes . #CharlieHebdo <end>,non-rumours
'552824456557887488,"Retweet if you think satire should not be censored : "" Love stronger than hate "" : #CharlieHebdo $URL$ <end>",non-rumours
'580883793709547521,"The door is solid , you can ‚Äô t knock it down ‚Ä¶ it ‚Äô s bulletproof - @JimTilmon on @NYTimes rpt #Germanwings pilot locked out $URL$ <end>",rumours
'553555156391186432,#CharlieHebdo : Hundreds of Muslims gather outside the Grande Mosquee of Strasbourg to observe a minute of silence $URL$ <end>,non-rumours
'500298315368390657,#Ferguson police once beat a man then charged him with destruction of property for bleeding on their uniforms $URL$ <end>,rumours
'544520586576547840,Video : The moment the police stormed the Sydney cafe . Police confirm the siege is now over . $URL$ $URL$ <end>,non-rumours
'524949439367380993,"#OttawaShooting police say they are investigating 3 shootings , one at War Memorial , one on Parliament Hill and one near Rideau Centre <end>",rumours
'500287491182579712,And I feel silly for pointing this out but ... In America we don't have executions by gunfire for alleged robberies . #Ferguson #MikeBrown <end>,rumours
'544508035113439232,Beautiful : Sydney stands up to racism & bigotry with one hashtag : #illridewithyou ( Via @LotteLeicht1 ) $URL$ <end>,non-rumours
'544268900351766528,#BREAKING A police operation is underway in the heart of Sydney's CBD with one block of Martin Place blocked off . <end>,non-rumours
'500402908740210688,More peaceful protesting today in #Ferguson . #MichaelBrown $URL$ <end>,non-rumours
'544477802255630336,#IllRideWithYou : Sydney Stands Up To Racism And Bigotry With One Beautiful Hashtag $URL$ $URL$ <end>,non-rumours
'544366894107480064,Praying for the hostages in the cafe in Sydney . No religion represents hate and violence . When will this madness stop . #sydneysiege <end>,rumours
'500291116403789824,"Let's not forget that even if Mike Brown did shoplift , that's not why police said he was stopped or why he was shot . #mikebrown #ferguson <end>",rumours
'498515980205948928,How police treat white #opencarry supporter vs an unarmed black teen . Wonder why ? #MikeBrown #Ferguson $URL$ <end>,non-rumours
'580319206400475136,French police have confirmed that an #Airbus operated by - #Germanwings has crashed in Southern France <end>,rumours
'553098796108750848,"Today's cartoon , by @DaveBrownToons . #CharlieHebdo #JeSuisCharlie $URL$ <end>",non-rumours
'553536358950916096,BREAKING : ANOTHER HOSTAGE SITUATION IN EASTERN PARIS . <end>,non-rumours
'499689757652566016,$RESERVED$ . @FOX2now : The #STL SWAT team has weapons drawn in #Ferguson at a protest in broad daylight with media attending $URL$ <end>,non-rumours
'580325235653799936,"Flight #4U9525 climbed to 38,000 feet before before it started to descend and lost signal at 6,800 ft / @flightradar24 $URL$ <end>",rumours
'499689349420568577,The #STL SWAT team has weapons drawn in #Ferguson at a protest in broad daylight with media attending $URL$ <end>,non-rumours
'552832817089236992,Stills from eyewitness video show two #CharlieHebdo attackers wearing hoods & black clothing shoot a wounded man $URL$ <end>,rumours
'580337178506584064,Why do these catastrophes happen ? Awful news about the #germanwings plane that has crashed . Thoughts are with those affected . Very sad indeed <end>,non-rumours
'525050632211021825,Wishing everyone in #Ottawa and all over Canada the best in the wake of today's shootings . I'll have a hug tomorrow for anyone who needs one <end>,non-rumours
'581258923065389056,It could be better to have zero pilots in a cockpit instead of one : $URL$ #Germanwings $URL$ <end>,non-rumours
'580338392782757888,Some follows for info on reported German plane crash in France : @lufthansa / @Airbus / @ECiotti / @germanwings $URL$ <end>,non-rumours
'553590750701551616,When you've lost Hezbollah ... $URL$ $URL$ <end>,non-rumours
'524937594090844160,"More shots being fired near parliament in Ottawa , suspect still at large : TV <end>",rumours
'524960247518330881,Timing of Parliament shootings - an hour later and 200 + MPs and dozens of reporters would have been in hall where shooting took place <end>,rumours
'544395562666037248,‚Äú Very surreal ‚Äù scenes as Sydney's CBD becomes a ghost town in the wake of the #sydneysiege $URL$ $URL$ <end>,non-rumours
'524935085863481344,Witnesses say several dozen shots fired inside Parliament buildings after Canadian soldier shot at nearby War Memorial . #Ottawa #cdnpoli <end>,rumours
'524923610851729408,BREAKING | Centre block and east block at Parliament Hill are locked down . #cbcOTT #OTTnews <end>,rumours
'552788945017516032,"Appalled by the attack on Charlie Hebdo in Paris , 10 - probably journalists - now confirmed dead . An attack on free speech everywhere . <end>",rumours
'544363471660277760,"Lots of love and prayers for Sydney , I hope everyone's okay üò≥ #MTVStars One Direction $URL$ <end>",non-rumours
'524944544681705472,Ottawa police : Actively looking for one or more suspects in Canadian parliament shooting . $URL$ <end>,rumours
'552822696200142850,#CharlieHebdo - Paris media attack kills 4 cartoonists including chief editor . #AFP $URL$ <end>,rumours
'553535765997969408,"Kill them & when you're done kill their pet goat ‚ùå RT "" @sammy2168 : @jjauthor @FlyoverCulture @DrMartyFox $URL$ ‚Äù #CharlieHebdo <end>",non-rumours
'544269997745242112,"Terrifying photo of hostages in Martin Place in Sydney , being held by men waving an ISIS flag $URL$ <end>",rumours
'498504673339666432,This would help tremendously . #mikebrown #Ferguson $URL$ <end>,non-rumours
'552801894092275712,"We condemn the attack on #CharlieHebdo Whomever the attackers are , and whatever the cause may be , nothing justifies the taking of life <end>",non-rumours
'553466230989144064,#BREAKING HOSTAGES TAKEN AT A BUSINESS IN DAMMARTIN-EN-GOELE - RTL REPORTS #France $URL$ <end>,rumours
'544384349395628033,"Total 5 hostages have left Lindt #MartinPlace ; 3 men , 2 women . LIVE : $URL$ . #SydneySiege #9News $URL$ <end>",rumours
'544301012492632064,"MASSIVE OPERATION : "" Hundreds of armed police have swarmed the area . "" #sydneysiege ( LIVE ) $URL$ $URL$ <end>",non-rumours
'544511199702822913,POLICE MOVE IN : Police confirm live ammunition used in Martin Place #sydneysiege <end>,rumours
'544442676410867712,#illridewithyou is the best thing to come out of the #sydneysiege $URL$ $URL$ <end>,non-rumours
'553541776854634496,JUST IN : Police tell @ABC it's probable gunman in second Paris hostage situation is man who killed a policewoman yesterday - @WilliamsJon <end>,rumours
'552804175310901248,Headline from #CharlieHebdo this week : ISIS executes Phorphet Mohamed ; police chase terrorists $URL$ $URL$ <end>,non-rumours
'500332042648055808,"#Ferguson police say Michael Brown was robbery suspect , which totally explains why he got the death penalty without a trial . <end>",rumours
'524974975623892992,The NHL has decided to postpone tonight's #sens - #leafs game in Ottawa . The right decision . The only decision . <end>,rumours
'553572111441465344,Prince Harry signs a book of condolence at the French Embassy in London after the attacks in #Paris $URL$ <end>,non-rumours
'524932327907270656,"Shooting in downtown Ottawa , police evacuating Rideau Centre and closing off Wellington . Stay safe #uOttawa students <end>",rumours
'552844167681159169,"President Obama condemns Paris attack , calls it ' terrorist attack ' & pledges U . S . assistance : $URL$ $URL$ <end>",non-rumours
'544302448522035202,#BREAKING One man has been arrested and people are being evacuated from the building #sydneysiege #martinplace <end>,rumours
'580326473803767808,"#BREAKING : Germanwings jetliner has crashed in Southeastern France , according to officials . All 148 on board are feared dead . <end>",rumours
'544380899639689216,Aussie grand mufti & Imam Council condemn #Sydneysiege hostage capture $URL$ - LIVE UPDATES $URL$ <end>,rumours
'525002842021445632,Condolences to the family of the fallen officer in #Ottawa He was a hero who bravely stood in defence of our country and our freedoms <end>,rumours
'553101858013581313,"BREAKING : Suspects in #CharlieHebdo shooting "" still free "" and "" heavily armed , "" French Prime Minister says . $URL$ <end>",non-rumours
'544372701285351424,Only thing this Murdoch tabloid front page achieves is to further terrorise family members of #SydneySiege hostages $URL$ <end>,non-rumours
'544304200423723008,#BREAKING : @nswpolice say a photo circulating of arrest of man near #MartinPlace is NOT related to the police operation #sydneysiege <end>,rumours
'544316904861478912,"JUST IN : Flag in #Sydney cafe window confirmed to be that of Jabah Al-Nusra , says Islamic terror expert on 7 News $URL$ <end>",rumours
'580365806720122880,"Germanwings flight that crashed in French Alps had 144 passengers and 6 crew on board , airline's CEO says . $URL$ #A320 <end>",non-rumours
'500235112785924096,NEW DEVELOPMENT : Pentagon supplied St . Louis County police with military-grade weapons . #Ferguson <end>,rumours
'553559880599359488,‚Üí $URL$ Charlie Hebdo cartoons : media around the world chart different courses #CharlieHebdo 943 $URL$ <end>,non-rumours
'553575984054951936,Supermarket hostage-takers reportedly threaten to kill if police storm #CharlieHebdo suspects $URL$ $URL$ <end>,rumours
'553535468290453504,"#CharlieHebdo attacker : "" We don ‚Äô t kill women but you have to convert to Islam , read the Qu ‚Äô ran and wear a veil . "" $URL$ <end>",non-rumours
'580322927679279105,BREAKING : German air traffic control confirms to NBC NEws that a Germanwings flight has crashed in France . $URL$ <end>,rumours
'553567184002502656,Every time I think I see the best #CharlieHebdo cartoon another great one comes out . #JeSuisCharlie $URL$ <end>,non-rumours
'525022700923019264,"Soldier shot dead in #Ottawa today is Cpl . Nathan Cirillo . Reservist was based in #Hamilton , Ont . <end>",rumours
'499655249398075392,#ferguson has had ZERO homicides in the last year . ' Black on black crime is our real problem ' folks where y'all at ? <end>,rumours
'500287595403022336,"Cops were extra aggressive to incite fear and cause chaos , giving the #Ferguson PD time to destroy and / or manufacture any "" evidence "" needed <end>",rumours
'553164303650799616,Pope Francis prays for gunmen who executed 12 people at #CharlieHebdo $URL$ $URL$ <end>,non-rumours
'553130475032563712,"What does Islam Say about Terrorism ? To know answer , Kindly chat with us : $URL$ #ParisTerror #JeSuisCharlie #France #Paris <end>",non-rumours
'553188382403477505,#CharlieHebdo cartoon attributed to #banksy is really by @LucilleClerc #JeSuisCharlie $URL$ $URL$ <end>,rumours
'553121732387946496,One suspect in the #CharlieHebdo shooting has handed himself in ; two others remain at large : $URL$ $URL$ <end>,rumours
'525021132022628353,The important name right now is Cpl . Nathan Cirillo . #ottawa <end>,rumours
'552787599031828480,' It's a massacre . There are dead ! ' employee of Charlie Hebdo tells French media outlet before call disconnects $URL$ <end>,non-rumours
'500257166478282752," Being a poor , black American makes you vulnerable ; living in a poor , black area renders you collateral  #Ferguson $URL$ <end>",non-rumours
'524947674164760577,BREAKING NEWS : New York Times is reporting the Canadian soldier who was shot has died from their injuries . Heartbreaking . #cdnpoli #ableg <end>,rumours
'498279420885360641,The police presence in #Ferguson following the shooting of Michael Brown was mind blowing . $URL$ <end>,non-rumours
'553126953268834304,A picture says more than a thousand words . #CharlieHebdo $URL$ <end>,non-rumours
'524969963850051584,"#PrayForOttawa As an American Veteran , my prayers are w / the Canadian soldier who died in today's shooting standing duty at a war memorial üôè <end>",rumours
'544372384690872321,"To people taking selfies at #SydneySiege , When you return home , look at your selfie & see what an unconscious , blithering idiot looks like . <end>",non-rumours
'544404673357021184,"This man carries a gun , not a religion #sydneysiege $URL$ <end>",non-rumours
'553469263650906112,"This is a terrorist , this is a Muslim : French envoy ‚Äô s #CharlieHebdo @twitter photo goes viral $URL$ $URL$ <end>",non-rumours
'544514538797035520,"Just in : live feeds appears to show #sydneysiege is over , police calmly moving outside cafe , local reporters say gunman down <end>",rumours
'544288799711592448,Hostages taken in Sydney cafe as Islamic flag is reportedly flown $URL$ <end>,rumours
'553583847850663936,LIVE REPORT - Assault in #Dammartin $URL$ #CharlieHebdo $URL$ <end>,non-rumours
'552840037642297345,Cartoonists Georges Wolinski and Cabu are among victims of attack on #CharlieHebdo in Paris $URL$ $URL$ <end>,non-rumours
'544280077778055168,"Hostages being held in Sydney , Australia cafe $URL$ $URL$ <end>",rumours
'500275854434639872,"Oh , this new @JColeNC is very emotional , I suggest you take a listen . $URL$ #Ferguson <end>",non-rumours
'552830864187727876,"Three gunmen who shot dead 12 people at the HQ of #CharlieHebdo are still on the run in Paris , police say . $URL$ <end>",rumours
'552840805678084096,"Sad truth , is that if u crticize #islam even after #CharlieHebdo massacre , u wl still b labeled ' right wing fanatic ' or islamophobic ! <end>",non-rumours
'544373504419069952,Update - Five hostages have escaped from the Lindt cafe in Sydney and an unconfirmed number of hostages remain inside #sydneysiege <end>,rumours
'553229956830875650,Muslim leaders worldwide have condemned the Charlie Hebdo attacks . But you won't learn that by watching @FoxNews . $URL$ <end>,non-rumours
'544415616753745920,Australians offering support to Muslims on public transport who fear racist abuse using the #illridewithyou hashtag . #sydneysiege <end>,non-rumours
'552845028130037760,#CharlieHebdo : Everything you need to know about the magazine that refuses to be censored $URL$ $URL$ <end>,non-rumours
'553218281705066496,"Evil rears its head again , but cartoonists will not cower . My toon : $URL$ #JeSuisCharlie $URL$ <end>",non-rumours
'553127508150071297,"Charlie Hebdo editor St√©phane Charbonnier said he'd rather "" die standing than live on my knees . "" $URL$ <end>",non-rumours
'552814494381256704,UPDATE : #CharlieHebdo's editor-in-chief was killed in attack - Magazine's lawyer $URL$ <end>,rumours
'552850022271033344,"#MaryamRajavi condemns #CharlieHebdo attack in #Paris , offers her condolences to Fr ppl and Gov $URL$ $URL$ <end>",non-rumours
'553215383256432640,"Charlie Hebdo wasn't singling out Islam . It's target was authority , whatever its source . $URL$ via @nytopinion <end>",non-rumours
'580320242020290560,BREAKING : 148passengers were on board #GermanWings Airbus A320 which has crashed in D southern French Alps.May ÿßŸÑŸÑŸëŸéŸáŸè protect them.AMEEN ‚ô• ‚òÄ ‚ô• <end>,rumours
'498477676219600896,There should be blame AND shame here . #Ferguson #MichaelBrown @KharyP $URL$ <end>,non-rumours
'553472225798795264,BREAKING : Gunfire reported in French town as police hunt suspects in #CharlieHebdo attack | More soon at : $URL$ <end>,rumours
'553558126147149825,People showing #JeSuisCharlie signs during demonstrations of solidarity around the world after #CharlieHebdo attacks . $URL$ <end>,non-rumours
'552812847651377153,"You can kill journalists , cartoonists . You can't kill the freedom of the press . You have only made their message stronger . #JeSuisCharlie <end>",non-rumours
'544444261027299328,A kind lady named Mica drove me home after a cab that we shared from Sydney'sCBD wasn't able to drop me off all the way home #illridewithyou <end>,non-rumours
'500303431928922113,"Reminder : Forget the robbery , forget the minor looting . NOTHING justifies militarized police pointing sniper rifles at journalists #Ferguson <end>",rumours
'552811772038881280,"Hours before the attack , #CharlieHebdo published a cartoon featuring the Islamic State : $URL$ ( epa ) $URL$ <end>",non-rumours
'552817490263572480,Absolutely heartbreaking what has happened ! Twitter users show solidarity to #CharlyHebdo by using #JeSuisCharlie $URL$ <end>,non-rumours
'525029232691650561,#RIP Nathan Cirillo #Soldier #Ottawa #Canada love you $URL$ <end>,rumours
'553222727700865025,Several mosques in France allegedly attacked after the #CharlieHebdo massacre : $URL$ $URL$ <end>,non-rumours
'500284871541940225,I'm NOT believing this story because I know how the police lie and will keep lying and will organize together AND LIE . #MIKEBROWN #Ferguson <end>,rumours
'498269289812856832,call weeping neighbors a mob --> paint a picture of a violent community #MikeBrown came from --> justify his execution #Ferguson <end>,non-rumours
'500297358908071936,Arrived in Crestwood where officer Darren Wilson lives . When I knocked police officer rolled up and told me Wilson left days ago #Ferguson <end>,rumours
'552813988644659200,"Press "" must stand together to send the message that murderous attempts to silence us will not stand "" #CharlieHebdo $URL$ <end>",non-rumours
'544436666661085184,"Hostage-taker appeared ' extremely agitated , ' said journalist at scene of Sydney siege : $URL$ $URL$ <end>",non-rumours
'552840740007866368,A woman in Paris stands with a #JeSuisCharlie sign $URL$ #CharlieHebdo $URL$ <end>,non-rumours
'500328758201815041,Disgusting : MO chapter of Klan raising money as ‚Äú reward ‚Äù for the officer killing #MikeBrown . #Ferguson #UniteBlue $URL$ <end>,rumours
'500357713260724224,"ICYMI : The info given today seems to line up with this witness account , even the alleged theft : $URL$ #Ferguson #MikeBrown <end>",rumours
'553493785523400704,Building in Dammartin-en-Goele where #CharlieHebdo suspects believed to be holed up $URL$ $URL$ <end>,rumours
'552982669840355329,"Yes , tweet actual covers instead of the mere #JeSuisCharlie . They are , after all , what the bullies can ‚Äô t handle . $URL$ ‚Äù <end>",non-rumours
'553183067670843392,"#CharlieHebdo will publish Wednesday , writer Patrick Pelloux tells CNN affiliate BFMTV . $URL$ <end>",non-rumours
'552815017402589184,France is at its highest possible terror threat level after the #CharlieHebdo attack . $URL$ $URL$ <end>,non-rumours
'544518696463765505,BREAKING : Police say Sydney cafe hostage situation is over after more than 16 hours . <end>,non-rumours
'544271743331078144,Reports are coming in of a hostage situation at a cafe in the Australian city of Sydney $URL$ <end>,rumours
'553518053838061568,The latest on the manhunt for Charlie Hebdo suspects : $URL$ $URL$ <end>,rumours
'498300128088694786,"NOTICE : 0 evidence of "" kill the police "" chant in #Ferguson but all news outlets report it , yet pics of lifeless victim ? "" Alleged shooting . "" <end>",non-rumours
'500274132756738048, What happened in #Ferguson doesn't contradict America's racial narrative . It illustrates it .  $URL$ <end>,non-rumours
'552848620375261184,Witnesses say the Charlie Hebdo gunmen identified themselves as members of al-Qaida : $URL$ $URL$ <end>,rumours
'524961070465945600,Terrible news in Ottawa today . Thoughts and prayers to everyone involved #OttawaStrong $URL$ <end>,non-rumours
'544383022876065792,5 people so far have fled Sydney cafe . Unknown number of hostages still inside . $URL$ #sydneysiege <end>,rumours
'553525290908262400,Nah it isn't though RT @igeldard : This is just brilliant #charliehebdo #sonyhack $URL$ <end>,non-rumours
'553542565593878528,"#ISIS just claimed responsibility for #CharlieHebdo attack and announced more attacks . "" US & UK are on the list for tomorrow . "" <end>",rumours
'580348081100734464,"#Germanwings "" sorry to confirm "" 144 passengers & 6 crew on board flight #4U9525 when it crashed in French Alps $URL$ <end>",rumours
'524955102554361856,Photos of the scene unfolding after multiple shootings in Ottawa this morning . $URL$ $URL$ <end>,non-rumours
'544277860555710464,ISIS - holding a Cafe hostage in Sydney - forcing Hostages to press ISIS flags against the Windows #DramaAlert HOT ! $URL$ <end>,rumours
'525058633730891776,Just in : Canadian soldier killed in #OttawaShooting today is Cpl . Nathan Cirillo Thoughts & prayers to his family $URL$ <end>,rumours
'500363141034020865,Mother / Daughter team in #Ferguson . Daughter just took bar . Will be civil rights Atty $URL$ <end>,non-rumours
'544495155198181376,Why a hostage situation is neither the time nor place for selfies . #sydneysiege $URL$ $URL$ <end>,non-rumours
'552797828977029120,Shocked & appalled by senseless attack at ' Charlie Hebdo ' - London stands with Paris & the people of France against this horrific scourge <end>,non-rumours
'524975142641086465,"The game between the Toronto Maple Leafs and Ottawa Senators scheduled for tonight in Ottawa has been postponed , the NHL says . <end>",rumours
'552819208212717568,It is a horrifying thought that people in our world would prefer to kill rather than allow critcism #CharlieHebdo $URL$ <end>,non-rumours
'580371845997682688,"#4U9525 took eight minutes to descend from 38,000 feet to impact , says Germanwings CEO Winkelmann . <end>",rumours
'544412767240085504,"#sydneysiege gunman was reportedly "" extremely agitated "" , shouting as some hostages escaped . $URL$ $URL$ <end>",non-rumours
'498254340310966273,"Michael Brown is the 17 yr old boy who was shot 10x & killed by police in #Ferguson today . Media reports "" police shoot man "" . #blackboysonly <end>",rumours
'581063957684850688,#BREAKING #GERMANWINGS co-pilot confirmed name at Press Conference : FirstName : Andreas Guenter / LastName : Lubitz <end>,rumours
'552845671477153793,"Angela Merkel condemned the #CharlieHebdo attack on "" freedom of speech and the press . "" Obama did not . Shameful . <end>",non-rumours
'525036180379676673,Canada's Coverage of the Ottawa Shootings Put American Cable News to Shame $URL$ <end>,non-rumours
'553232531827740672,"This morning in France , anti-Muslim terrorists threw 2 or 3 grenades into a mosque No injuries $URL$ $URL$ <end>",non-rumours
'552805799106732032,"Journalists , admin staff and police officers among those injured in #CharlieHebdo attack $URL$ $URL$ <end>",non-rumours
'544307161589772290,"Islamist militants take hostages in Sydney caf√© , display black jihadist flag $URL$ #sydneysiege $URL$ <end>",rumours
'553169307824177152,Banksy's response to the #CharlieHebdo attack isn't by Banksy . But it is striking : $URL$ $URL$ <end>,rumours
'544387967037763584,#sydneysiege : There are reports the hostage-taker claims to have up to four bombs . $URL$ $URL$ <end>,rumours
'500326267640905728,Report : #Ferguson police beat up wrong suspect then charged him for getting blood on uniforms in 2009 $URL$ <end>,rumours
'499575076468305923,"#MorningReads : Terrifying result of police militarization on display in #Ferguson , MO $URL$ <end>",non-rumours
'544518335019229184,#BREAKING : At least two people have died following the #SydneySiege . 5 people are being treated by paramedics . <end>,rumours
'544515546633355264,All quiet again after multiple gunshots in #MartinPlace . No word on whether hostages are free #SydneySiege $URL$ <end>,non-rumours
'553588946039746560,AFP : several hostages have been freed at Jewish supermarket in #Paris <end>,rumours
'524964564018790400,Ottawa police confirm they are looking for more than one suspect in Parliament Hill shooting . $URL$ <end>,rumours
'544517264725516288,#BREAKING : Police have confirmed that the #SydneySiege is over . #9News <end>,rumours
'544288135564107776,LIVE : ' Islamists ' take 20 hostages in Sydney cafe siege $URL$ #sydneysiege <end>,rumours
'544482233038286848,"Anticipating backlash , Australians start #illridewithyou campaign to support Muslims $URL$ $URL$ <end>",non-rumours
'500366207552196608,New Video of SWAT Team Attack on Al-Jazeera in #Ferguson You Haven't Seen - Please RT to expose lying cops $URL$ <end>,non-rumours
